Name,Status,Host Type,# of Ports,Host Mappings,Host Cluster id,Host Cluster Name,Protocol Type
nrditf-esxres-01,offline,generic,2,true,3,ITF_RES_VMWare,scsi
nrditf-esxres-02,offline,generic,2,true,3,ITF_RES_VMWare,scsi
nrditf-esxres-03,offline,generic,2,true,3,ITF_RES_VMWare,scsi
nrditf-esxres-04,offline,generic,2,true,3,ITF_RES_VMWare,scsi
itfnrd-esxeng-01,offline,generic,2,true,1,Engineering_VMware,scsi
itfnrd-esxeng-02,offline,generic,2,true,1,Engineering_VMware,scsi
itfnrd-esxint-11,offline,generic,2,true,0,ITF_VMware,scsi
itfnrd-esxint-12,offline,generic,2,true,0,ITF_VMware,scsi
itfnrd-esxint-13,offline,generic,2,true,0,ITF_VMware,scsi
itfnrd-esxint-14,offline,generic,2,true,0,ITF_VMware,scsi
itfnrd-esxint-15,offline,generic,2,true,0,ITF_VMware,scsi
itfnrd-esxint-16,offline,generic,2,true,0,ITF_VMware,scsi
inf-2k8bdgc-01,online,generic,2,false,,,scsi
nrditf-esxint-21,online,generic,2,true,0,ITF_VMware,scsi
nrditf-esxint-22,online,generic,2,true,0,ITF_VMware,scsi
nrditf-esxint-20,online,generic,2,true,0,ITF_VMware,scsi
itf-t5-1,online,generic,2,true,2,ITF_Solaris,scsi
itf-t5-2,online,generic,2,true,2,ITF_Solaris,scsi
itf-t5-3,online,generic,2,true,2,ITF_Solaris,scsi
itf-t71-01,online,generic,6,true,2,ITF_Solaris,scsi
itf-t71-02,online,generic,6,true,2,ITF_Solaris,scsi
itfnrd-esxeng-03,online,generic,2,true,1,Engineering_VMware,scsi
nrditf-esxint-18,online,generic,2,true,0,ITF_VMware,scsi
nrditf-esxint-19,online,generic,2,true,0,ITF_VMware,scsi